[
  {
    "city": {
      "id": 111,
      "name": "Patna",
      "lat": 13432,
      "long": 234,
      "cusine": ["North India", "Sount Indian", "Rajeshtani"],
      "collections": [
        {
          "collection_id": 2,
          "title": "Best of Mumbai",
          "image": "sjidjf",
          "description": "sadfsd",
          "fillter_by": "rating",
          "value": 4.5,
          "tag": ["best in mumbai"]
        },
        {
          "collection_id": 3,
          "title": "Outdoor setting",
          "image": "sjidjf",
          "description": "sadfsd",
          "fillter_by": "sitting",
          "value": "outdoor",
          "tag": ["best in mumbai"]
        },
        {
          "collection_id": 4,
          "title": "Best coffee",
          "image": "sjidjf",
          "description": "sadfsd",
          "fillter_by": "cusine",
          "value": "cafe",
          "tag": ["best in mumbai"]
        }
      ],
      "resturants": []
    },
    "resturants": {
      "id": "16774318",
      "name": "Otto Enoteca & Pizzeria",
      "location": {
        "address": "1 5th Avenue, New York, NY 10003",
        "locality": "Kakarbagh",
        "city_id": "234",
        "city": "New York City",
        "latitude": "40.732013",
        "longitude": "-73.996155",
        "zipcode": "10003"
      },
      "establishment_type": "Dine",
      "average_cost_for_two": "60",
      "price_range": "2",
      "currency": "$",
      "thumb": "https://b.zmtcdn.com/data/pictures/chains/8/16774318/a54deb9e4dbb79dd7c8091b30c642077_featured_thumb.png",
      "featured_image": "https://d.zmtcdn.com/data/pictures/chains/8/16774318/a54deb9e4dbb79dd7c8091b30c642077_featured_v2.png",
      "photos_url": "https://www.zomato.com/new-york-city/otto-enoteca-pizzeria-greenwich-village/photos#tabtop",
      "menu_url": "https://www.zomato.com/new-york-city/otto-enoteca-pizzeria-greenwich-village/menu#tabtop",
      "events_url": "https://www.zomato.com/new-york-city/otto-enoteca-pizzeria-greenwich-village/events#tabtop",
      "user_rating": {
        "aggregate_rating": "3.7",
        "rating_text": "Very Good",
        "rating_color": "5BA829",
        "votes": "1046"
      },
      "has_online_delivery": "0",
      "is_delivering_now": "0",
      "has_table_booking": "0",
      "cuisines": "Cafe,Briyani",
      "all_reviews_count": "15",
      "photo_count": "18",
      "phone_numbers": "(212) 228-2930",
      "photos": [
        {
          "id": "u_MjA5MjY1OTk5OT",
          "url": "https://b.zmtcdn.com/data/reviews_photos/c15/9eb13ceaf6e90129c276ce6ff980bc15_1435111695_640_640_thumb.JPG",
          "thumb_url": "https://b.zmtcdn.com/data/reviews_photos/c15/9eb13ceaf6e90129c276ce6ff980bc15_1435111695_200_thumb.JPG",
          "res_id": "16782899",
          "caption": "#awesome",
          "timestamp": "1435111770",
          "friendly_time": "3 months ago",
          "width": "640",
          "height": "640",
          "comments_count": "0",
          "likes_count": "0"
        }
      ],
      "all_reviews": [
        {
          "rating": "5",
          "review_text": "The best latte I've ever had. It tasted a little sweet",
          "id": "24127336",
          "rating_color": "305D02",
          "review_time_friendly": "2 months ago",
          "rating_text": "Insane!",
          "timestamp": "1435507367",
          "likes": "0",
          "user": {
            "name": "John Doe",
            "email": "skjhdfkhas@gmail.com",
            "image": "http:.../"
          },
          "comments_count": "0"
        }
      ],
      "menu": [
        {
          "dish": "briyani",
          "cost": 233,
          "cost_for_tow": 500,
          "image": "http:.../",
          "description": "anything",
          "veg": false,
          "votes": 7
        }
      ]
    }
  }
]
